{
  "scriptId": "86",
  "url": "https://deno.land/x/superoak@4.3.0/src/superoak.ts",
  "functions": [
    {
      "functionName": "",
      "ranges": [
        {
          "startOffset": 0,
          "endOffset": 3409,
          "count": 1
        }
      ],
      "isBlockCoverage": true
    },
    {
      "functionName": "random",
      "ranges": [
        {
          "startOffset": 61,
          "endOffset": 148,
          "count": 0
        }
      ],
      "isBlockCoverage": false
    },
    {
      "functionName": "isOakApplication",
      "ranges": [
        {
          "startOffset": 149,
          "endOffset": 319,
          "count": 0
        }
      ],
      "isBlockCoverage": false
    },
    {
      "functionName": "superoak",
      "ranges": [
        {
          "startOffset": 327,
          "endOffset": 1426,
          "count": 0
        }
      ],
      "isBlockCoverage": false
    }
  ]
}
