{
  "scriptId": "130",
  "url": "https://jspm.dev/npm:component-emitter@1.3.0!cjs",
  "functions": [
    {
      "functionName": "",
      "ranges": [
        {
          "startOffset": 0,
          "endOffset": 3844,
          "count": 1
        },
        {
          "startOffset": 61,
          "endOffset": 106,
          "count": 0
        }
      ],
      "isBlockCoverage": true
    },
    {
      "functionName": "Emitter",
      "ranges": [
        {
          "startOffset": 240,
          "endOffset": 295,
          "count": 1
        }
      ],
      "isBlockCoverage": true
    },
    {
      "functionName": "mixin",
      "ranges": [
        {
          "startOffset": 409,
          "endOffset": 529,
          "count": 1
        },
        {
          "startOffset": 468,
          "endOffset": 512,
          "count": 10
        }
      ],
      "isBlockCoverage": true
    },
    {
      "functionName": "Emitter.on.Emitter.addEventListener",
      "ranges": [
        {
          "startOffset": 737,
          "endOffset": 962,
          "count": 0
        }
      ],
      "isBlockCoverage": false
    },
    {
      "functionName": "Emitter.once",
      "ranges": [
        {
          "startOffset": 1189,
          "endOffset": 1365,
          "count": 0
        }
      ],
      "isBlockCoverage": false
    },
    {
      "functionName": "Emitter.off.Emitter.removeListener.Emitter.removeAllListeners.Emitter.removeEventListener",
      "ranges": [
        {
          "startOffset": 1684,
          "endOffset": 2576,
          "count": 0
        }
      ],
      "isBlockCoverage": false
    },
    {
      "functionName": "Emitter.emit",
      "ranges": [
        {
          "startOffset": 2727,
          "endOffset": 3210,
          "count": 0
        }
      ],
      "isBlockCoverage": false
    },
    {
      "functionName": "Emitter.listeners",
      "ranges": [
        {
          "startOffset": 3362,
          "endOffset": 3509,
          "count": 0
        }
      ],
      "isBlockCoverage": false
    },
    {
      "functionName": "Emitter.hasListeners",
      "ranges": [
        {
          "startOffset": 3671,
          "endOffset": 3732,
          "count": 0
        }
      ],
      "isBlockCoverage": false
    }
  ]
}
