{
  "scriptId": "80",
  "url": "https://deno.land/std@0.100.0/testing/asserts.ts",
  "functions": [
    {
      "functionName": "",
      "ranges": [
        {
          "startOffset": 0,
          "endOffset": 32069,
          "count": 1
        }
      ],
      "isBlockCoverage": true
    },
    {
      "functionName": "AssertionError",
      "ranges": [
        {
          "startOffset": 241,
          "endOffset": 331,
          "count": 4
        }
      ],
      "isBlockCoverage": true
    },
    {
      "functionName": "_format",
      "ranges": [
        {
          "startOffset": 341,
          "endOffset": 639,
          "count": 8
        },
        {
          "startOffset": 590,
          "endOffset": 636,
          "count": 0
        }
      ],
      "isBlockCoverage": true
    },
    {
      "functionName": "createColor",
      "ranges": [
        {
          "startOffset": 640,
          "endOffset": 982,
          "count": 16
        },
        {
          "startOffset": 734,
          "endOffset": 829,
          "count": 5
        },
        {
          "startOffset": 838,
          "endOffset": 931,
          "count": 11
        },
        {
          "startOffset": 940,
          "endOffset": 974,
          "count": 0
        }
      ],
      "isBlockCoverage": true
    },
    {
      "functionName": "",
      "ranges": [
        {
          "startOffset": 774,
          "endOffset": 828,
          "count": 5
        },
        {
          "startOffset": 792,
          "endOffset": 811,
          "count": 1
        },
        {
          "startOffset": 812,
          "endOffset": 828,
          "count": 4
        }
      ],
      "isBlockCoverage": true
    },
    {
      "functionName": "",
      "ranges": [
        {
          "startOffset": 880,
          "endOffset": 930,
          "count": 11
        },
        {
          "startOffset": 898,
          "endOffset": 915,
          "count": 7
        },
        {
          "startOffset": 916,
          "endOffset": 930,
          "count": 4
        }
      ],
      "isBlockCoverage": true
    },
    {
      "functionName": "createSign",
      "ranges": [
        {
          "startOffset": 983,
          "endOffset": 1204,
          "count": 8
        },
        {
          "startOffset": 1047,
          "endOffset": 1094,
          "count": 4
        },
        {
          "startOffset": 1103,
          "endOffset": 1152,
          "count": 4
        },
        {
          "startOffset": 1161,
          "endOffset": 1196,
          "count": 0
        }
      ],
      "isBlockCoverage": true
    },
    {
      "functionName": "buildMessage",
      "ranges": [
        {
          "startOffset": 1205,
          "endOffset": 2000,
          "count": 4
        },
        {
          "startOffset": 1911,
          "endOffset": 1936,
          "count": 1
        },
        {
          "startOffset": 1937,
          "endOffset": 1951,
          "count": 3
        }
      ],
      "isBlockCoverage": true
    },
    {
      "functionName": "",
      "ranges": [
        {
          "startOffset": 1531,
          "endOffset": 1875,
          "count": 8
        },
        {
          "startOffset": 1624,
          "endOffset": 1629,
          "count": 2
        },
        {
          "startOffset": 1786,
          "endOffset": 1801,
          "count": 6
        }
      ],
      "isBlockCoverage": true
    },
    {
      "functionName": "",
      "ranges": [
        {
          "startOffset": 1630,
          "endOffset": 1775,
          "count": 10
        },
        {
          "startOffset": 1686,
          "endOffset": 1748,
          "count": 8
        },
        {
          "startOffset": 1761,
          "endOffset": 1775,
          "count": 2
        }
      ],
      "isBlockCoverage": true
    },
    {
      "functionName": "isKeyedCollection",
      "ranges": [
        {
          "startOffset": 2001,
          "endOffset": 2093,
          "count": 0
        }
      ],
      "isBlockCoverage": false
    },
    {
      "functionName": "equal",
      "ranges": [
        {
          "startOffset": 2101,
          "endOffset": 5016,
          "count": 5
        }
      ],
      "isBlockCoverage": true
    },
    {
      "functionName": "compare",
      "ranges": [
        {
          "startOffset": 2164,
          "endOffset": 5006,
          "count": 5
        },
        {
          "startOffset": 2220,
          "endOffset": 2339,
          "count": 2
        },
        {
          "startOffset": 2257,
          "endOffset": 2279,
          "count": 0
        },
        {
          "startOffset": 2318,
          "endOffset": 2337,
          "count": 0
        },
        {
          "startOffset": 2341,
          "endOffset": 2396,
          "count": 0
        },
        {
          "startOffset": 2427,
          "endOffset": 2447,
          "count": 0
        },
        {
          "startOffset": 2449,
          "endOffset": 2691,
          "count": 0
        },
        {
          "startOffset": 2721,
          "endOffset": 2757,
          "count": 1
        },
        {
          "startOffset": 2757,
          "endOffset": 2796,
          "count": 4
        },
        {
          "startOffset": 2797,
          "endOffset": 2801,
          "count": 0
        },
        {
          "startOffset": 2802,
          "endOffset": 2826,
          "count": 0
        },
        {
          "startOffset": 2828,
          "endOffset": 4978,
          "count": 0
        },
        {
          "startOffset": 4978,
          "endOffset": 5005,
          "count": 4
        }
      ],
      "isBlockCoverage": true
    },
    {
      "functionName": "assert",
      "ranges": [
        {
          "startOffset": 5024,
          "endOffset": 5121,
          "count": 0
        }
      ],
      "isBlockCoverage": false
    },
    {
      "functionName": "assertEquals",
      "ranges": [
        {
          "startOffset": 5129,
          "endOffset": 5902,
          "count": 5
        },
        {
          "startOffset": 5209,
          "endOffset": 5232,
          "count": 1
        },
        {
          "startOffset": 5232,
          "endOffset": 5454,
          "count": 4
        },
        {
          "startOffset": 5506,
          "endOffset": 5533,
          "count": 1
        },
        {
          "startOffset": 5546,
          "endOffset": 5606,
          "count": 3
        },
        {
          "startOffset": 5750,
          "endOffset": 5817,
          "count": 0
        },
        {
          "startOffset": 5817,
          "endOffset": 5831,
          "count": 4
        },
        {
          "startOffset": 5831,
          "endOffset": 5861,
          "count": 0
        },
        {
          "startOffset": 5861,
          "endOffset": 5901,
          "count": 4
        }
      ],
      "isBlockCoverage": true
    },
    {
      "functionName": "assertNotEquals",
      "ranges": [
        {
          "startOffset": 5910,
          "endOffset": 6429,
          "count": 0
        }
      ],
      "isBlockCoverage": false
    },
    {
      "functionName": "assertStrictEquals",
      "ranges": [
        {
          "startOffset": 6437,
          "endOffset": 7686,
          "count": 0
        }
      ],
      "isBlockCoverage": false
    },
    {
      "functionName": "assertNotStrictEquals",
      "ranges": [
        {
          "startOffset": 7694,
          "endOffset": 7910,
          "count": 0
        }
      ],
      "isBlockCoverage": false
    },
    {
      "functionName": "assertExists",
      "ranges": [
        {
          "startOffset": 7918,
          "endOffset": 8160,
          "count": 0
        }
      ],
      "isBlockCoverage": false
    },
    {
      "functionName": "assertStringIncludes",
      "ranges": [
        {
          "startOffset": 8168,
          "endOffset": 8413,
          "count": 0
        }
      ],
      "isBlockCoverage": false
    },
    {
      "functionName": "assertArrayIncludes",
      "ranges": [
        {
          "startOffset": 8421,
          "endOffset": 9059,
          "count": 0
        }
      ],
      "isBlockCoverage": false
    },
    {
      "functionName": "assertMatch",
      "ranges": [
        {
          "startOffset": 9067,
          "endOffset": 9297,
          "count": 0
        }
      ],
      "isBlockCoverage": false
    },
    {
      "functionName": "assertNotMatch",
      "ranges": [
        {
          "startOffset": 9305,
          "endOffset": 9541,
          "count": 0
        }
      ],
      "isBlockCoverage": false
    },
    {
      "functionName": "assertObjectMatch",
      "ranges": [
        {
          "startOffset": 9549,
          "endOffset": 11085,
          "count": 0
        }
      ],
      "isBlockCoverage": false
    },
    {
      "functionName": "fail",
      "ranges": [
        {
          "startOffset": 11093,
          "endOffset": 11179,
          "count": 0
        }
      ],
      "isBlockCoverage": false
    },
    {
      "functionName": "assertThrows",
      "ranges": [
        {
          "startOffset": 11187,
          "endOffset": 12224,
          "count": 0
        }
      ],
      "isBlockCoverage": false
    },
    {
      "functionName": "assertThrowsAsync",
      "ranges": [
        {
          "startOffset": 12232,
          "endOffset": 13286,
          "count": 0
        }
      ],
      "isBlockCoverage": false
    },
    {
      "functionName": "unimplemented",
      "ranges": [
        {
          "startOffset": 13294,
          "endOffset": 13379,
          "count": 0
        }
      ],
      "isBlockCoverage": false
    },
    {
      "functionName": "unreachable",
      "ranges": [
        {
          "startOffset": 13387,
          "endOffset": 13458,
          "count": 0
        }
      ],
      "isBlockCoverage": false
    }
  ]
}
