{
  "scriptId": "110",
  "url": "https://deno.land/x/superdeno@4.3.0/src/close.ts",
  "functions": [
    {
      "functionName": "",
      "ranges": [
        {
          "startOffset": 0,
          "endOffset": 1822,
          "count": 1
        }
      ],
      "isBlockCoverage": true
    },
    {
      "functionName": "close",
      "ranges": [
        {
          "startOffset": 21,
          "endOffset": 722,
          "count": 0
        }
      ],
      "isBlockCoverage": false
    }
  ]
}
