{
  "scriptId": "124",
  "url": "https://jspm.dev/npm:superagent@6.1.0/lib/is-object!cjs",
  "functions": [
    {
      "functionName": "",
      "ranges": [
        {
          "startOffset": 0,
          "endOffset": 736,
          "count": 1
        }
      ],
      "isBlockCoverage": true
    },
    {
      "functionName": "_typeof",
      "ranges": [
        {
          "startOffset": 19,
          "endOffset": 437,
          "count": 0
        }
      ],
      "isBlockCoverage": false
    },
    {
      "functionName": "isObject",
      "ranges": [
        {
          "startOffset": 543,
          "endOffset": 621,
          "count": 0
        }
      ],
      "isBlockCoverage": false
    }
  ]
}
