{
  "scriptId": "119",
  "url": "https://deno.land/std@0.99.0/fmt/colors.ts",
  "functions": [
    {
      "functionName": "",
      "ranges": [
        {
          "startOffset": 0,
          "endOffset": 14768,
          "count": 1
        },
        {
          "startOffset": 41,
          "endOffset": 48,
          "count": 0
        }
      ],
      "isBlockCoverage": true
    },
    {
      "functionName": "setColorEnabled",
      "ranges": [
        {
          "startOffset": 81,
          "endOffset": 178,
          "count": 0
        }
      ],
      "isBlockCoverage": false
    },
    {
      "functionName": "getColorEnabled",
      "ranges": [
        {
          "startOffset": 186,
          "endOffset": 236,
          "count": 0
        }
      ],
      "isBlockCoverage": false
    },
    {
      "functionName": "code",
      "ranges": [
        {
          "startOffset": 237,
          "endOffset": 415,
          "count": 0
        }
      ],
      "isBlockCoverage": false
    },
    {
      "functionName": "run",
      "ranges": [
        {
          "startOffset": 416,
          "endOffset": 553,
          "count": 0
        }
      ],
      "isBlockCoverage": false
    },
    {
      "functionName": "reset",
      "ranges": [
        {
          "startOffset": 561,
          "endOffset": 619,
          "count": 0
        }
      ],
      "isBlockCoverage": false
    },
    {
      "functionName": "bold",
      "ranges": [
        {
          "startOffset": 627,
          "endOffset": 685,
          "count": 0
        }
      ],
      "isBlockCoverage": false
    },
    {
      "functionName": "dim",
      "ranges": [
        {
          "startOffset": 693,
          "endOffset": 750,
          "count": 0
        }
      ],
      "isBlockCoverage": false
    },
    {
      "functionName": "italic",
      "ranges": [
        {
          "startOffset": 758,
          "endOffset": 818,
          "count": 0
        }
      ],
      "isBlockCoverage": false
    },
    {
      "functionName": "underline",
      "ranges": [
        {
          "startOffset": 826,
          "endOffset": 889,
          "count": 0
        }
      ],
      "isBlockCoverage": false
    },
    {
      "functionName": "inverse",
      "ranges": [
        {
          "startOffset": 897,
          "endOffset": 958,
          "count": 0
        }
      ],
      "isBlockCoverage": false
    },
    {
      "functionName": "hidden",
      "ranges": [
        {
          "startOffset": 966,
          "endOffset": 1026,
          "count": 0
        }
      ],
      "isBlockCoverage": false
    },
    {
      "functionName": "strikethrough",
      "ranges": [
        {
          "startOffset": 1034,
          "endOffset": 1101,
          "count": 0
        }
      ],
      "isBlockCoverage": false
    },
    {
      "functionName": "black",
      "ranges": [
        {
          "startOffset": 1109,
          "endOffset": 1169,
          "count": 0
        }
      ],
      "isBlockCoverage": false
    },
    {
      "functionName": "red",
      "ranges": [
        {
          "startOffset": 1177,
          "endOffset": 1235,
          "count": 0
        }
      ],
      "isBlockCoverage": false
    },
    {
      "functionName": "green",
      "ranges": [
        {
          "startOffset": 1243,
          "endOffset": 1303,
          "count": 0
        }
      ],
      "isBlockCoverage": false
    },
    {
      "functionName": "yellow",
      "ranges": [
        {
          "startOffset": 1311,
          "endOffset": 1372,
          "count": 0
        }
      ],
      "isBlockCoverage": false
    },
    {
      "functionName": "blue",
      "ranges": [
        {
          "startOffset": 1380,
          "endOffset": 1439,
          "count": 0
        }
      ],
      "isBlockCoverage": false
    },
    {
      "functionName": "magenta",
      "ranges": [
        {
          "startOffset": 1447,
          "endOffset": 1509,
          "count": 0
        }
      ],
      "isBlockCoverage": false
    },
    {
      "functionName": "cyan",
      "ranges": [
        {
          "startOffset": 1517,
          "endOffset": 1576,
          "count": 0
        }
      ],
      "isBlockCoverage": false
    },
    {
      "functionName": "white",
      "ranges": [
        {
          "startOffset": 1584,
          "endOffset": 1644,
          "count": 0
        }
      ],
      "isBlockCoverage": false
    },
    {
      "functionName": "gray",
      "ranges": [
        {
          "startOffset": 1652,
          "endOffset": 1703,
          "count": 0
        }
      ],
      "isBlockCoverage": false
    },
    {
      "functionName": "brightBlack",
      "ranges": [
        {
          "startOffset": 1711,
          "endOffset": 1777,
          "count": 0
        }
      ],
      "isBlockCoverage": false
    },
    {
      "functionName": "brightRed",
      "ranges": [
        {
          "startOffset": 1785,
          "endOffset": 1849,
          "count": 0
        }
      ],
      "isBlockCoverage": false
    },
    {
      "functionName": "brightGreen",
      "ranges": [
        {
          "startOffset": 1857,
          "endOffset": 1923,
          "count": 0
        }
      ],
      "isBlockCoverage": false
    },
    {
      "functionName": "brightYellow",
      "ranges": [
        {
          "startOffset": 1931,
          "endOffset": 1998,
          "count": 0
        }
      ],
      "isBlockCoverage": false
    },
    {
      "functionName": "brightBlue",
      "ranges": [
        {
          "startOffset": 2006,
          "endOffset": 2071,
          "count": 0
        }
      ],
      "isBlockCoverage": false
    },
    {
      "functionName": "brightMagenta",
      "ranges": [
        {
          "startOffset": 2079,
          "endOffset": 2147,
          "count": 0
        }
      ],
      "isBlockCoverage": false
    },
    {
      "functionName": "brightCyan",
      "ranges": [
        {
          "startOffset": 2155,
          "endOffset": 2220,
          "count": 0
        }
      ],
      "isBlockCoverage": false
    },
    {
      "functionName": "brightWhite",
      "ranges": [
        {
          "startOffset": 2228,
          "endOffset": 2294,
          "count": 0
        }
      ],
      "isBlockCoverage": false
    },
    {
      "functionName": "bgBlack",
      "ranges": [
        {
          "startOffset": 2302,
          "endOffset": 2364,
          "count": 0
        }
      ],
      "isBlockCoverage": false
    },
    {
      "functionName": "bgRed",
      "ranges": [
        {
          "startOffset": 2372,
          "endOffset": 2432,
          "count": 0
        }
      ],
      "isBlockCoverage": false
    },
    {
      "functionName": "bgGreen",
      "ranges": [
        {
          "startOffset": 2440,
          "endOffset": 2502,
          "count": 0
        }
      ],
      "isBlockCoverage": false
    },
    {
      "functionName": "bgYellow",
      "ranges": [
        {
          "startOffset": 2510,
          "endOffset": 2573,
          "count": 0
        }
      ],
      "isBlockCoverage": false
    },
    {
      "functionName": "bgBlue",
      "ranges": [
        {
          "startOffset": 2581,
          "endOffset": 2642,
          "count": 0
        }
      ],
      "isBlockCoverage": false
    },
    {
      "functionName": "bgMagenta",
      "ranges": [
        {
          "startOffset": 2650,
          "endOffset": 2714,
          "count": 0
        }
      ],
      "isBlockCoverage": false
    },
    {
      "functionName": "bgCyan",
      "ranges": [
        {
          "startOffset": 2722,
          "endOffset": 2783,
          "count": 0
        }
      ],
      "isBlockCoverage": false
    },
    {
      "functionName": "bgWhite",
      "ranges": [
        {
          "startOffset": 2791,
          "endOffset": 2853,
          "count": 0
        }
      ],
      "isBlockCoverage": false
    },
    {
      "functionName": "bgBrightBlack",
      "ranges": [
        {
          "startOffset": 2861,
          "endOffset": 2930,
          "count": 0
        }
      ],
      "isBlockCoverage": false
    },
    {
      "functionName": "bgBrightRed",
      "ranges": [
        {
          "startOffset": 2938,
          "endOffset": 3005,
          "count": 0
        }
      ],
      "isBlockCoverage": false
    },
    {
      "functionName": "bgBrightGreen",
      "ranges": [
        {
          "startOffset": 3013,
          "endOffset": 3082,
          "count": 0
        }
      ],
      "isBlockCoverage": false
    },
    {
      "functionName": "bgBrightYellow",
      "ranges": [
        {
          "startOffset": 3090,
          "endOffset": 3160,
          "count": 0
        }
      ],
      "isBlockCoverage": false
    },
    {
      "functionName": "bgBrightBlue",
      "ranges": [
        {
          "startOffset": 3168,
          "endOffset": 3236,
          "count": 0
        }
      ],
      "isBlockCoverage": false
    },
    {
      "functionName": "bgBrightMagenta",
      "ranges": [
        {
          "startOffset": 3244,
          "endOffset": 3315,
          "count": 0
        }
      ],
      "isBlockCoverage": false
    },
    {
      "functionName": "bgBrightCyan",
      "ranges": [
        {
          "startOffset": 3323,
          "endOffset": 3391,
          "count": 0
        }
      ],
      "isBlockCoverage": false
    },
    {
      "functionName": "bgBrightWhite",
      "ranges": [
        {
          "startOffset": 3399,
          "endOffset": 3468,
          "count": 0
        }
      ],
      "isBlockCoverage": false
    },
    {
      "functionName": "clampAndTruncate",
      "ranges": [
        {
          "startOffset": 3469,
          "endOffset": 3577,
          "count": 0
        }
      ],
      "isBlockCoverage": false
    },
    {
      "functionName": "rgb8",
      "ranges": [
        {
          "startOffset": 3585,
          "endOffset": 3679,
          "count": 0
        }
      ],
      "isBlockCoverage": false
    },
    {
      "functionName": "bgRgb8",
      "ranges": [
        {
          "startOffset": 3687,
          "endOffset": 3783,
          "count": 0
        }
      ],
      "isBlockCoverage": false
    },
    {
      "functionName": "rgb24",
      "ranges": [
        {
          "startOffset": 3791,
          "endOffset": 4133,
          "count": 0
        }
      ],
      "isBlockCoverage": false
    },
    {
      "functionName": "bgRgb24",
      "ranges": [
        {
          "startOffset": 4141,
          "endOffset": 4485,
          "count": 0
        }
      ],
      "isBlockCoverage": false
    },
    {
      "functionName": "stripColor",
      "ranges": [
        {
          "startOffset": 4709,
          "endOffset": 4785,
          "count": 0
        }
      ],
      "isBlockCoverage": false
    }
  ]
}
