{
  "scriptId": "126",
  "url": "https://jspm.dev/npm:superagent@6.1.0/lib/utils!cjs",
  "functions": [
    {
      "functionName": "",
      "ranges": [
        {
          "startOffset": 0,
          "endOffset": 3992,
          "count": 1
        }
      ],
      "isBlockCoverage": true
    },
    {
      "functionName": "_createForOfIteratorHelper",
      "ranges": [
        {
          "startOffset": 19,
          "endOffset": 1317,
          "count": 0
        }
      ],
      "isBlockCoverage": false
    },
    {
      "functionName": "_unsupportedIterableToArray",
      "ranges": [
        {
          "startOffset": 1319,
          "endOffset": 1747,
          "count": 0
        }
      ],
      "isBlockCoverage": false
    },
    {
      "functionName": "_arrayLikeToArray",
      "ranges": [
        {
          "startOffset": 1749,
          "endOffset": 1946,
          "count": 0
        }
      ],
      "isBlockCoverage": false
    },
    {
      "functionName": "exports.type",
      "ranges": [
        {
          "startOffset": 2079,
          "endOffset": 2134,
          "count": 0
        }
      ],
      "isBlockCoverage": false
    },
    {
      "functionName": "exports.params",
      "ranges": [
        {
          "startOffset": 2260,
          "endOffset": 2711,
          "count": 0
        }
      ],
      "isBlockCoverage": false
    },
    {
      "functionName": "exports.parseLinks",
      "ranges": [
        {
          "startOffset": 2835,
          "endOffset": 3307,
          "count": 0
        }
      ],
      "isBlockCoverage": false
    },
    {
      "functionName": "exports.cleanHeader",
      "ranges": [
        {
          "startOffset": 3460,
          "endOffset": 3741,
          "count": 0
        }
      ],
      "isBlockCoverage": false
    }
  ]
}
