{
  "scriptId": "117",
  "url": "https://deno.land/x/opine@1.5.3/src/utils/mergeDescriptors.ts",
  "functions": [
    {
      "functionName": "",
      "ranges": [
        {
          "startOffset": 0,
          "endOffset": 2669,
          "count": 1
        }
      ],
      "isBlockCoverage": true
    },
    {
      "functionName": "mergeDescriptors",
      "ranges": [
        {
          "startOffset": 1424,
          "endOffset": 1806,
          "count": 0
        }
      ],
      "isBlockCoverage": false
    }
  ]
}
