{
  "scriptId": "127",
  "url": "https://jspm.dev/npm:superagent@6.1.0/lib/response-base!cjs",
  "functions": [
    {
      "functionName": "",
      "ranges": [
        {
          "startOffset": 0,
          "endOffset": 3060,
          "count": 1
        }
      ],
      "isBlockCoverage": true
    },
    {
      "functionName": "ResponseBase",
      "ranges": [
        {
          "startOffset": 234,
          "endOffset": 294,
          "count": 1
        }
      ],
      "isBlockCoverage": true
    },
    {
      "functionName": "mixin",
      "ranges": [
        {
          "startOffset": 402,
          "endOffset": 603,
          "count": 1
        },
        {
          "startOffset": 466,
          "endOffset": 586,
          "count": 3
        }
      ],
      "isBlockCoverage": true
    },
    {
      "functionName": "ResponseBase.get",
      "ranges": [
        {
          "startOffset": 745,
          "endOffset": 808,
          "count": 0
        }
      ],
      "isBlockCoverage": false
    },
    {
      "functionName": "ResponseBase._setHeaderProperties",
      "ranges": [
        {
          "startOffset": 1109,
          "endOffset": 1577,
          "count": 0
        }
      ],
      "isBlockCoverage": false
    },
    {
      "functionName": "ResponseBase._setStatusProperties",
      "ranges": [
        {
          "startOffset": 2232,
          "endOffset": 2952,
          "count": 0
        }
      ],
      "isBlockCoverage": false
    }
  ]
}
