{
  "scriptId": "125",
  "url": "https://jspm.dev/npm:superagent@6.1.0/lib/request-base!cjs",
  "functions": [
    {
      "functionName": "",
      "ranges": [
        {
          "startOffset": 0,
          "endOffset": 18862,
          "count": 1
        }
      ],
      "isBlockCoverage": true
    },
    {
      "functionName": "_typeof",
      "ranges": [
        {
          "startOffset": 61,
          "endOffset": 479,
          "count": 0
        }
      ],
      "isBlockCoverage": false
    },
    {
      "functionName": "RequestBase",
      "ranges": [
        {
          "startOffset": 703,
          "endOffset": 771,
          "count": 1
        }
      ],
      "isBlockCoverage": true
    },
    {
      "functionName": "mixin",
      "ranges": [
        {
          "startOffset": 879,
          "endOffset": 1086,
          "count": 1
        },
        {
          "startOffset": 945,
          "endOffset": 1066,
          "count": 30
        }
      ],
      "isBlockCoverage": true
    },
    {
      "functionName": "RequestBase.clearTimeout",
      "ranges": [
        {
          "startOffset": 1213,
          "endOffset": 1452,
          "count": 0
        }
      ],
      "isBlockCoverage": false
    },
    {
      "functionName": "RequestBase.parse",
      "ranges": [
        {
          "startOffset": 1652,
          "endOffset": 1705,
          "count": 0
        }
      ],
      "isBlockCoverage": false
    },
    {
      "functionName": "RequestBase.responseType",
      "ranges": [
        {
          "startOffset": 2119,
          "endOffset": 2184,
          "count": 0
        }
      ],
      "isBlockCoverage": false
    },
    {
      "functionName": "RequestBase.serialize",
      "ranges": [
        {
          "startOffset": 2410,
          "endOffset": 2467,
          "count": 0
        }
      ],
      "isBlockCoverage": false
    },
    {
      "functionName": "RequestBase.timeout",
      "ranges": [
        {
          "startOffset": 3105,
          "endOffset": 3790,
          "count": 0
        }
      ],
      "isBlockCoverage": false
    },
    {
      "functionName": "RequestBase.retry",
      "ranges": [
        {
          "startOffset": 4060,
          "endOffset": 4309,
          "count": 0
        }
      ],
      "isBlockCoverage": false
    },
    {
      "functionName": "RequestBase._shouldRetry",
      "ranges": [
        {
          "startOffset": 5461,
          "endOffset": 6376,
          "count": 0
        }
      ],
      "isBlockCoverage": false
    },
    {
      "functionName": "RequestBase._retry",
      "ranges": [
        {
          "startOffset": 6489,
          "endOffset": 6712,
          "count": 0
        }
      ],
      "isBlockCoverage": false
    },
    {
      "functionName": "RequestBase.then",
      "ranges": [
        {
          "startOffset": 6855,
          "endOffset": 7839,
          "count": 0
        }
      ],
      "isBlockCoverage": false
    },
    {
      "functionName": "RequestBase.catch",
      "ranges": [
        {
          "startOffset": 7872,
          "endOffset": 7924,
          "count": 0
        }
      ],
      "isBlockCoverage": false
    },
    {
      "functionName": "RequestBase.use",
      "ranges": [
        {
          "startOffset": 7987,
          "endOffset": 8031,
          "count": 0
        }
      ],
      "isBlockCoverage": false
    },
    {
      "functionName": "RequestBase.ok",
      "ranges": [
        {
          "startOffset": 8061,
          "endOffset": 8188,
          "count": 0
        }
      ],
      "isBlockCoverage": false
    },
    {
      "functionName": "RequestBase._isResponseOK",
      "ranges": [
        {
          "startOffset": 8229,
          "endOffset": 8397,
          "count": 0
        }
      ],
      "isBlockCoverage": false
    },
    {
      "functionName": "RequestBase.get",
      "ranges": [
        {
          "startOffset": 8552,
          "endOffset": 8616,
          "count": 0
        }
      ],
      "isBlockCoverage": false
    },
    {
      "functionName": "RequestBase.set",
      "ranges": [
        {
          "startOffset": 9456,
          "endOffset": 9743,
          "count": 0
        }
      ],
      "isBlockCoverage": false
    },
    {
      "functionName": "RequestBase.unset",
      "ranges": [
        {
          "startOffset": 9967,
          "endOffset": 10075,
          "count": 0
        }
      ],
      "isBlockCoverage": false
    },
    {
      "functionName": "RequestBase.field",
      "ranges": [
        {
          "startOffset": 10585,
          "endOffset": 11532,
          "count": 0
        }
      ],
      "isBlockCoverage": false
    },
    {
      "functionName": "RequestBase.abort",
      "ranges": [
        {
          "startOffset": 11672,
          "endOffset": 11905,
          "count": 0
        }
      ],
      "isBlockCoverage": false
    },
    {
      "functionName": "RequestBase._auth",
      "ranges": [
        {
          "startOffset": 11938,
          "endOffset": 12431,
          "count": 0
        }
      ],
      "isBlockCoverage": false
    },
    {
      "functionName": "RequestBase.withCredentials",
      "ranges": [
        {
          "startOffset": 12741,
          "endOffset": 12899,
          "count": 0
        }
      ],
      "isBlockCoverage": false
    },
    {
      "functionName": "RequestBase.redirects",
      "ranges": [
        {
          "startOffset": 13095,
          "endOffset": 13152,
          "count": 0
        }
      ],
      "isBlockCoverage": false
    },
    {
      "functionName": "RequestBase.maxResponseSize",
      "ranges": [
        {
          "startOffset": 13375,
          "endOffset": 13516,
          "count": 0
        }
      ],
      "isBlockCoverage": false
    },
    {
      "functionName": "RequestBase.toJSON",
      "ranges": [
        {
          "startOffset": 13821,
          "endOffset": 13944,
          "count": 0
        }
      ],
      "isBlockCoverage": false
    },
    {
      "functionName": "RequestBase.send",
      "ranges": [
        {
          "startOffset": 14958,
          "endOffset": 16244,
          "count": 0
        }
      ],
      "isBlockCoverage": false
    },
    {
      "functionName": "RequestBase.sortQuery",
      "ranges": [
        {
          "startOffset": 16861,
          "endOffset": 17023,
          "count": 0
        }
      ],
      "isBlockCoverage": false
    },
    {
      "functionName": "RequestBase._finalizeQueryString",
      "ranges": [
        {
          "startOffset": 17143,
          "endOffset": 17694,
          "count": 0
        }
      ],
      "isBlockCoverage": false
    },
    {
      "functionName": "RequestBase._appendQueryString",
      "ranges": [
        {
          "startOffset": 17770,
          "endOffset": 17816,
          "count": 0
        }
      ],
      "isBlockCoverage": false
    },
    {
      "functionName": "RequestBase._timeoutError",
      "ranges": [
        {
          "startOffset": 17924,
          "endOffset": 18233,
          "count": 0
        }
      ],
      "isBlockCoverage": false
    },
    {
      "functionName": "RequestBase._setTimeouts",
      "ranges": [
        {
          "startOffset": 18273,
          "endOffset": 18757,
          "count": 0
        }
      ],
      "isBlockCoverage": false
    }
  ]
}
