{
  "scriptId": "95",
  "url": "https://deno.land/std@0.99.0/http/_io.ts",
  "functions": [
    {
      "functionName": "",
      "ranges": [
        {
          "startOffset": 0,
          "endOffset": 27683,
          "count": 1
        }
      ],
      "isBlockCoverage": true
    },
    {
      "functionName": "emptyReader",
      "ranges": [
        {
          "startOffset": 317,
          "endOffset": 434,
          "count": 0
        }
      ],
      "isBlockCoverage": false
    },
    {
      "functionName": "bodyReader",
      "ranges": [
        {
          "startOffset": 442,
          "endOffset": 1073,
          "count": 0
        }
      ],
      "isBlockCoverage": false
    },
    {
      "functionName": "chunkedBodyReader",
      "ranges": [
        {
          "startOffset": 1081,
          "endOffset": 3727,
          "count": 0
        }
      ],
      "isBlockCoverage": false
    },
    {
      "functionName": "isProhibidedForTrailer",
      "ranges": [
        {
          "startOffset": 3728,
          "endOffset": 3880,
          "count": 0
        }
      ],
      "isBlockCoverage": false
    },
    {
      "functionName": "readTrailers",
      "ranges": [
        {
          "startOffset": 3888,
          "endOffset": 4801,
          "count": 0
        }
      ],
      "isBlockCoverage": false
    },
    {
      "functionName": "parseTrailer",
      "ranges": [
        {
          "startOffset": 4802,
          "endOffset": 5360,
          "count": 0
        }
      ],
      "isBlockCoverage": false
    },
    {
      "functionName": "writeChunkedBody",
      "ranges": [
        {
          "startOffset": 5368,
          "endOffset": 5827,
          "count": 0
        }
      ],
      "isBlockCoverage": false
    },
    {
      "functionName": "writeTrailers",
      "ranges": [
        {
          "startOffset": 5835,
          "endOffset": 7052,
          "count": 0
        }
      ],
      "isBlockCoverage": false
    },
    {
      "functionName": "writeResponse",
      "ranges": [
        {
          "startOffset": 7060,
          "endOffset": 8885,
          "count": 0
        }
      ],
      "isBlockCoverage": false
    },
    {
      "functionName": "parseHTTPVersion",
      "ranges": [
        {
          "startOffset": 8893,
          "endOffset": 9832,
          "count": 0
        }
      ],
      "isBlockCoverage": false
    },
    {
      "functionName": "readRequest",
      "ranges": [
        {
          "startOffset": 9840,
          "endOffset": 10407,
          "count": 0
        }
      ],
      "isBlockCoverage": false
    },
    {
      "functionName": "fixLength",
      "ranges": [
        {
          "startOffset": 10408,
          "endOffset": 11280,
          "count": 0
        }
      ],
      "isBlockCoverage": false
    }
  ]
}
