{
  "scriptId": "97",
  "url": "https://deno.land/x/superdeno@4.3.0/src/test.ts",
  "functions": [
    {
      "functionName": "",
      "ranges": [
        {
          "startOffset": 0,
          "endOffset": 19176,
          "count": 1
        }
      ],
      "isBlockCoverage": true
    },
    {
      "functionName": "completeXhrPromises",
      "ranges": [
        {
          "startOffset": 310,
          "endOffset": 563,
          "count": 0
        }
      ],
      "isBlockCoverage": false
    },
    {
      "functionName": "<instance_members_initializer>",
      "ranges": [
        {
          "startOffset": 650,
          "endOffset": 7143,
          "count": 0
        }
      ],
      "isBlockCoverage": true
    },
    {
      "functionName": "error",
      "ranges": [
        {
          "startOffset": 7147,
          "endOffset": 7315,
          "count": 0
        }
      ],
      "isBlockCoverage": false
    },
    {
      "functionName": "isRedirect",
      "ranges": [
        {
          "startOffset": 7316,
          "endOffset": 7407,
          "count": 0
        }
      ],
      "isBlockCoverage": false
    },
    {
      "functionName": "cleanHeader",
      "ranges": [
        {
          "startOffset": 7408,
          "endOffset": 7708,
          "count": 0
        }
      ],
      "isBlockCoverage": false
    },
    {
      "functionName": "initHeaders",
      "ranges": [
        {
          "startOffset": 7709,
          "endOffset": 7781,
          "count": 0
        }
      ],
      "isBlockCoverage": false
    }
  ]
}
