{
  "scriptId": "113",
  "url": "https://deno.land/x/superdeno@4.3.0/src/xhrSham.js",
  "functions": [
    {
      "functionName": "",
      "ranges": [
        {
          "startOffset": 0,
          "endOffset": 9952,
          "count": 1
        }
      ],
      "isBlockCoverage": true
    },
    {
      "functionName": "setupSham",
      "ranges": [
        {
          "startOffset": 124,
          "endOffset": 260,
          "count": 2
        }
      ],
      "isBlockCoverage": true
    },
    {
      "functionName": "exposeSham",
      "ranges": [
        {
          "startOffset": 313,
          "endOffset": 378,
          "count": 1
        }
      ],
      "isBlockCoverage": true
    },
    {
      "functionName": "XMLHttpRequestSham",
      "ranges": [
        {
          "startOffset": 643,
          "endOffset": 1105,
          "count": 0
        }
      ],
      "isBlockCoverage": false
    },
    {
      "functionName": "open",
      "ranges": [
        {
          "startOffset": 1109,
          "endOffset": 1465,
          "count": 0
        }
      ],
      "isBlockCoverage": false
    },
    {
      "functionName": "send",
      "ranges": [
        {
          "startOffset": 1469,
          "endOffset": 1983,
          "count": 0
        }
      ],
      "isBlockCoverage": false
    },
    {
      "functionName": "abort",
      "ranges": [
        {
          "startOffset": 1987,
          "endOffset": 2054,
          "count": 0
        }
      ],
      "isBlockCoverage": false
    },
    {
      "functionName": "setRequestHeader",
      "ranges": [
        {
          "startOffset": 2058,
          "endOffset": 2173,
          "count": 0
        }
      ],
      "isBlockCoverage": false
    },
    {
      "functionName": "getAllResponseHeaders",
      "ranges": [
        {
          "startOffset": 2177,
          "endOffset": 2203,
          "count": 0
        }
      ],
      "isBlockCoverage": false
    },
    {
      "functionName": "getResponseHeader",
      "ranges": [
        {
          "startOffset": 2207,
          "endOffset": 2229,
          "count": 0
        }
      ],
      "isBlockCoverage": false
    },
    {
      "functionName": "xhrReceive",
      "ranges": [
        {
          "startOffset": 2233,
          "endOffset": 2956,
          "count": 0
        }
      ],
      "isBlockCoverage": false
    },
    {
      "functionName": "getOrigin",
      "ranges": [
        {
          "startOffset": 2960,
          "endOffset": 3098,
          "count": 0
        }
      ],
      "isBlockCoverage": false
    },
    {
      "functionName": "parseHeaders",
      "ranges": [
        {
          "startOffset": 3102,
          "endOffset": 4251,
          "count": 0
        }
      ],
      "isBlockCoverage": false
    },
    {
      "functionName": "resolveUrl",
      "ranges": [
        {
          "startOffset": 4255,
          "endOffset": 4292,
          "count": 0
        }
      ],
      "isBlockCoverage": false
    },
    {
      "functionName": "xhrSend",
      "ranges": [
        {
          "startOffset": 4296,
          "endOffset": 9949,
          "count": 0
        }
      ],
      "isBlockCoverage": false
    }
  ]
}
