{
  "scriptId": "115",
  "url": "https://deno.land/std@0.99.0/testing/asserts.ts",
  "functions": [
    {
      "functionName": "",
      "ranges": [
        {
          "startOffset": 0,
          "endOffset": 29831,
          "count": 1
        }
      ],
      "isBlockCoverage": true
    },
    {
      "functionName": "AssertionError",
      "ranges": [
        {
          "startOffset": 215,
          "endOffset": 305,
          "count": 0
        }
      ],
      "isBlockCoverage": false
    },
    {
      "functionName": "_format",
      "ranges": [
        {
          "startOffset": 315,
          "endOffset": 613,
          "count": 0
        }
      ],
      "isBlockCoverage": false
    },
    {
      "functionName": "createColor",
      "ranges": [
        {
          "startOffset": 614,
          "endOffset": 863,
          "count": 0
        }
      ],
      "isBlockCoverage": false
    },
    {
      "functionName": "createSign",
      "ranges": [
        {
          "startOffset": 864,
          "endOffset": 1085,
          "count": 0
        }
      ],
      "isBlockCoverage": false
    },
    {
      "functionName": "buildMessage",
      "ranges": [
        {
          "startOffset": 1086,
          "endOffset": 1546,
          "count": 0
        }
      ],
      "isBlockCoverage": false
    },
    {
      "functionName": "isKeyedCollection",
      "ranges": [
        {
          "startOffset": 1547,
          "endOffset": 1639,
          "count": 0
        }
      ],
      "isBlockCoverage": false
    },
    {
      "functionName": "equal",
      "ranges": [
        {
          "startOffset": 1647,
          "endOffset": 4562,
          "count": 0
        }
      ],
      "isBlockCoverage": false
    },
    {
      "functionName": "assert",
      "ranges": [
        {
          "startOffset": 4570,
          "endOffset": 4667,
          "count": 0
        }
      ],
      "isBlockCoverage": false
    },
    {
      "functionName": "assertEquals",
      "ranges": [
        {
          "startOffset": 4675,
          "endOffset": 5264,
          "count": 0
        }
      ],
      "isBlockCoverage": false
    },
    {
      "functionName": "assertNotEquals",
      "ranges": [
        {
          "startOffset": 5272,
          "endOffset": 5791,
          "count": 0
        }
      ],
      "isBlockCoverage": false
    },
    {
      "functionName": "assertStrictEquals",
      "ranges": [
        {
          "startOffset": 5799,
          "endOffset": 6832,
          "count": 0
        }
      ],
      "isBlockCoverage": false
    },
    {
      "functionName": "assertNotStrictEquals",
      "ranges": [
        {
          "startOffset": 6840,
          "endOffset": 7056,
          "count": 0
        }
      ],
      "isBlockCoverage": false
    },
    {
      "functionName": "assertExists",
      "ranges": [
        {
          "startOffset": 7064,
          "endOffset": 7334,
          "count": 0
        }
      ],
      "isBlockCoverage": false
    },
    {
      "functionName": "assertStringIncludes",
      "ranges": [
        {
          "startOffset": 7342,
          "endOffset": 7587,
          "count": 0
        }
      ],
      "isBlockCoverage": false
    },
    {
      "functionName": "assertArrayIncludes",
      "ranges": [
        {
          "startOffset": 7595,
          "endOffset": 8233,
          "count": 0
        }
      ],
      "isBlockCoverage": false
    },
    {
      "functionName": "assertMatch",
      "ranges": [
        {
          "startOffset": 8241,
          "endOffset": 8471,
          "count": 0
        }
      ],
      "isBlockCoverage": false
    },
    {
      "functionName": "assertNotMatch",
      "ranges": [
        {
          "startOffset": 8479,
          "endOffset": 8715,
          "count": 0
        }
      ],
      "isBlockCoverage": false
    },
    {
      "functionName": "assertObjectMatch",
      "ranges": [
        {
          "startOffset": 8723,
          "endOffset": 10259,
          "count": 0
        }
      ],
      "isBlockCoverage": false
    },
    {
      "functionName": "fail",
      "ranges": [
        {
          "startOffset": 10267,
          "endOffset": 10353,
          "count": 0
        }
      ],
      "isBlockCoverage": false
    },
    {
      "functionName": "assertThrows",
      "ranges": [
        {
          "startOffset": 10361,
          "endOffset": 11398,
          "count": 0
        }
      ],
      "isBlockCoverage": false
    },
    {
      "functionName": "assertThrowsAsync",
      "ranges": [
        {
          "startOffset": 11406,
          "endOffset": 12460,
          "count": 0
        }
      ],
      "isBlockCoverage": false
    },
    {
      "functionName": "unimplemented",
      "ranges": [
        {
          "startOffset": 12468,
          "endOffset": 12553,
          "count": 0
        }
      ],
      "isBlockCoverage": false
    },
    {
      "functionName": "unreachable",
      "ranges": [
        {
          "startOffset": 12561,
          "endOffset": 12632,
          "count": 0
        }
      ],
      "isBlockCoverage": false
    }
  ]
}
