{
  "scriptId": "131",
  "url": "https://jspm.dev/npm:fast-safe-stringify@2.0.8!cjs",
  "functions": [
    {
      "functionName": "",
      "ranges": [
        {
          "startOffset": 0,
          "endOffset": 5241,
          "count": 1
        },
        {
          "startOffset": 61,
          "endOffset": 106,
          "count": 0
        }
      ],
      "isBlockCoverage": true
    },
    {
      "functionName": "stringify",
      "ranges": [
        {
          "startOffset": 334,
          "endOffset": 974,
          "count": 0
        }
      ],
      "isBlockCoverage": false
    },
    {
      "functionName": "decirc",
      "ranges": [
        {
          "startOffset": 976,
          "endOffset": 2100,
          "count": 0
        }
      ],
      "isBlockCoverage": false
    },
    {
      "functionName": "compareFunction",
      "ranges": [
        {
          "startOffset": 2123,
          "endOffset": 2238,
          "count": 0
        }
      ],
      "isBlockCoverage": false
    },
    {
      "functionName": "deterministicStringify",
      "ranges": [
        {
          "startOffset": 2240,
          "endOffset": 2975,
          "count": 0
        }
      ],
      "isBlockCoverage": false
    },
    {
      "functionName": "deterministicDecirc",
      "ranges": [
        {
          "startOffset": 2977,
          "endOffset": 4524,
          "count": 0
        }
      ],
      "isBlockCoverage": false
    },
    {
      "functionName": "replaceGetterValues",
      "ranges": [
        {
          "startOffset": 4622,
          "endOffset": 5128,
          "count": 0
        }
      ],
      "isBlockCoverage": false
    }
  ]
}
