{
  "scriptId": "101",
  "url": "https://deno.land/std@0.99.0/io/util.ts",
  "functions": [
    {
      "functionName": "",
      "ranges": [
        {
          "startOffset": 0,
          "endOffset": 7311,
          "count": 1
        }
      ],
      "isBlockCoverage": true
    },
    {
      "functionName": "readAll",
      "ranges": [
        {
          "startOffset": 172,
          "endOffset": 282,
          "count": 0
        }
      ],
      "isBlockCoverage": false
    },
    {
      "functionName": "readAllSync",
      "ranges": [
        {
          "startOffset": 290,
          "endOffset": 396,
          "count": 0
        }
      ],
      "isBlockCoverage": false
    },
    {
      "functionName": "readRange",
      "ranges": [
        {
          "startOffset": 404,
          "endOffset": 1133,
          "count": 0
        }
      ],
      "isBlockCoverage": false
    },
    {
      "functionName": "readRangeSync",
      "ranges": [
        {
          "startOffset": 1141,
          "endOffset": 1864,
          "count": 0
        }
      ],
      "isBlockCoverage": false
    },
    {
      "functionName": "writeAll",
      "ranges": [
        {
          "startOffset": 1872,
          "endOffset": 2030,
          "count": 0
        }
      ],
      "isBlockCoverage": false
    },
    {
      "functionName": "writeAllSync",
      "ranges": [
        {
          "startOffset": 2038,
          "endOffset": 2192,
          "count": 0
        }
      ],
      "isBlockCoverage": false
    },
    {
      "functionName": "iter",
      "ranges": [
        {
          "startOffset": 2200,
          "endOffset": 2498,
          "count": 0
        }
      ],
      "isBlockCoverage": false
    },
    {
      "functionName": "iterSync",
      "ranges": [
        {
          "startOffset": 2506,
          "endOffset": 2800,
          "count": 0
        }
      ],
      "isBlockCoverage": false
    }
  ]
}
