{
  "scriptId": "104",
  "url": "https://deno.land/std@0.99.0/async/mux_async_iterator.ts",
  "functions": [
    {
      "functionName": "",
      "ranges": [
        {
          "startOffset": 0,
          "endOffset": 3373,
          "count": 1
        }
      ],
      "isBlockCoverage": true
    },
    {
      "functionName": "<instance_members_initializer>",
      "ranges": [
        {
          "startOffset": 78,
          "endOffset": 154,
          "count": 0
        }
      ],
      "isBlockCoverage": true
    },
    {
      "functionName": "add",
      "ranges": [
        {
          "startOffset": 160,
          "endOffset": 276,
          "count": 0
        }
      ],
      "isBlockCoverage": false
    },
    {
      "functionName": "callIteratorNext",
      "ranges": [
        {
          "startOffset": 281,
          "endOffset": 662,
          "count": 0
        }
      ],
      "isBlockCoverage": false
    },
    {
      "functionName": "iterate",
      "ranges": [
        {
          "startOffset": 667,
          "endOffset": 1244,
          "count": 0
        }
      ],
      "isBlockCoverage": false
    },
    {
      "functionName": "",
      "ranges": [
        {
          "startOffset": 1249,
          "endOffset": 1312,
          "count": 0
        }
      ],
      "isBlockCoverage": false
    }
  ]
}
