{
  "scriptId": "70",
  "url": "deno:runtime/js/40_testing.js",
  "functions": [
    {
      "functionName": "assertOps",
      "ranges": [
        {
          "startOffset": 1005,
          "endOffset": 2178,
          "count": 7
        }
      ],
      "isBlockCoverage": true
    },
    {
      "functionName": "asyncOpSanitizer",
      "ranges": [
        {
          "startOffset": 1041,
          "endOffset": 2173,
          "count": 7
        },
        {
          "startOffset": 1137,
          "endOffset": 1146,
          "count": 1
        },
        {
          "startOffset": 1463,
          "endOffset": 2172,
          "count": 1
        }
      ],
      "isBlockCoverage": true
    },
    {
      "functionName": "",
      "ranges": [
        {
          "startOffset": 1418,
          "endOffset": 1453,
          "count": 7
        }
      ],
      "isBlockCoverage": true
    },
    {
      "functionName": "assertResources",
      "ranges": [
        {
          "startOffset": 2382,
          "endOffset": 2900,
          "count": 7
        }
      ],
      "isBlockCoverage": true
    },
    {
      "functionName": "resourceSanitizer",
      "ranges": [
        {
          "startOffset": 2433,
          "endOffset": 2895,
          "count": 7
        },
        {
          "startOffset": 2523,
          "endOffset": 2894,
          "count": 1
        }
      ],
      "isBlockCoverage": true
    },
    {
      "functionName": "assertExit",
      "ranges": [
        {
          "startOffset": 3032,
          "endOffset": 3402,
          "count": 7
        }
      ],
      "isBlockCoverage": true
    },
    {
      "functionName": "exitSanitizer",
      "ranges": [
        {
          "startOffset": 3069,
          "endOffset": 3397,
          "count": 7
        },
        {
          "startOffset": 3294,
          "endOffset": 3303,
          "count": 1
        },
        {
          "startOffset": 3303,
          "endOffset": 3343,
          "count": 6
        },
        {
          "startOffset": 3343,
          "endOffset": 3344,
          "count": 1
        }
      ],
      "isBlockCoverage": true
    },
    {
      "functionName": "",
      "ranges": [
        {
          "startOffset": 3123,
          "endOffset": 3259,
          "count": 0
        }
      ],
      "isBlockCoverage": false
    },
    {
      "functionName": "test",
      "ranges": [
        {
          "startOffset": 3549,
          "endOffset": 4581,
          "count": 7
        },
        {
          "startOffset": 3855,
          "endOffset": 3918,
          "count": 0
        },
        {
          "startOffset": 3933,
          "endOffset": 4003,
          "count": 0
        },
        {
          "startOffset": 4059,
          "endOffset": 4282,
          "count": 0
        }
      ],
      "isBlockCoverage": true
    },
    {
      "functionName": "postTestMessage",
      "ranges": [
        {
          "startOffset": 4585,
          "endOffset": 4704,
          "count": 15
        }
      ],
      "isBlockCoverage": true
    },
    {
      "functionName": "createTestFilter",
      "ranges": [
        {
          "startOffset": 4708,
          "endOffset": 5185,
          "count": 1
        }
      ],
      "isBlockCoverage": true
    },
    {
      "functionName": "",
      "ranges": [
        {
          "startOffset": 4755,
          "endOffset": 5180,
          "count": 7
        },
        {
          "startOffset": 4784,
          "endOffset": 5154,
          "count": 0
        }
      ],
      "isBlockCoverage": true
    },
    {
      "functionName": "runTest",
      "ranges": [
        {
          "startOffset": 5449,
          "endOffset": 5870,
          "count": 7
        },
        {
          "startOffset": 5519,
          "endOffset": 5550,
          "count": 0
        },
        {
          "startOffset": 5608,
          "endOffset": 5669,
          "count": 0
        },
        {
          "startOffset": 5687,
          "endOffset": 5714,
          "count": 1
        },
        {
          "startOffset": 5714,
          "endOffset": 5784,
          "count": 6
        },
        {
          "startOffset": 5784,
          "endOffset": 5785,
          "count": 0
        },
        {
          "startOffset": 5812,
          "endOffset": 5860,
          "count": 0
        }
      ],
      "isBlockCoverage": true
    },
    {
      "functionName": "runTests",
      "ranges": [
        {
          "startOffset": 5874,
          "endOffset": 7367,
          "count": 1
        },
        {
          "startOffset": 6043,
          "endOffset": 6100,
          "count": 0
        },
        {
          "startOffset": 6234,
          "endOffset": 6240,
          "count": 0
        },
        {
          "startOffset": 6462,
          "endOffset": 6934,
          "count": 0
        },
        {
          "startOffset": 6968,
          "endOffset": 7290,
          "count": 7
        },
        {
          "startOffset": 7312,
          "endOffset": 7363,
          "count": 0
        }
      ],
      "isBlockCoverage": true
    },
    {
      "functionName": "",
      "ranges": [
        {
          "startOffset": 6084,
          "endOffset": 6092,
          "count": 0
        }
      ],
      "isBlockCoverage": false
    },
    {
      "functionName": "",
      "ranges": [
        {
          "startOffset": 6147,
          "endOffset": 6166,
          "count": 7
        }
      ],
      "isBlockCoverage": true
    },
    {
      "functionName": "",
      "ranges": [
        {
          "startOffset": 6555,
          "endOffset": 6764,
          "count": 0
        }
      ],
      "isBlockCoverage": true
    }
  ]
}
