{
  "scriptId": "112",
  "url": "https://deno.land/x/superdeno@4.3.0/src/superagent.ts",
  "functions": [
    {
      "functionName": "",
      "ranges": [
        {
          "startOffset": 0,
          "endOffset": 728,
          "count": 1
        }
      ],
      "isBlockCoverage": true
    },
    {
      "functionName": "getXHR",
      "ranges": [
        {
          "startOffset": 107,
          "endOffset": 165,
          "count": 0
        }
      ],
      "isBlockCoverage": false
    }
  ]
}
