{
  "scriptId": "96",
  "url": "https://deno.land/x/superdeno@4.3.0/src/superdeno.ts",
  "functions": [
    {
      "functionName": "",
      "ranges": [
        {
          "startOffset": 0,
          "endOffset": 2714,
          "count": 1
        }
      ],
      "isBlockCoverage": true
    },
    {
      "functionName": "superdeno",
      "ranges": [
        {
          "startOffset": 195,
          "endOffset": 1039,
          "count": 0
        }
      ],
      "isBlockCoverage": false
    }
  ]
}
