{
  "scriptId": "79",
  "url": "file:///home/springnuance/testCoverage/tests/services/helloService_test.js",
  "functions": [
    {
      "functionName": "",
      "ranges": [
        {
          "startOffset": 0,
          "endOffset": 1233,
          "count": 1
        }
      ],
      "isBlockCoverage": true
    },
    {
      "functionName": "",
      "ranges": [
        {
          "startOffset": 303,
          "endOffset": 379,
          "count": 1
        }
      ],
      "isBlockCoverage": true
    },
    {
      "functionName": "",
      "ranges": [
        {
          "startOffset": 412,
          "endOffset": 488,
          "count": 1
        }
      ],
      "isBlockCoverage": true
    },
    {
      "functionName": "",
      "ranges": [
        {
          "startOffset": 520,
          "endOffset": 592,
          "count": 1
        }
      ],
      "isBlockCoverage": true
    },
    {
      "functionName": "",
      "ranges": [
        {
          "startOffset": 624,
          "endOffset": 712,
          "count": 1
        }
      ],
      "isBlockCoverage": true
    },
    {
      "functionName": "",
      "ranges": [
        {
          "startOffset": 744,
          "endOffset": 820,
          "count": 1
        }
      ],
      "isBlockCoverage": true
    },
    {
      "functionName": "",
      "ranges": [
        {
          "startOffset": 848,
          "endOffset": 1015,
          "count": 1
        },
        {
          "startOffset": 903,
          "endOffset": 1014,
          "count": 0
        }
      ],
      "isBlockCoverage": true
    },
    {
      "functionName": "",
      "ranges": [
        {
          "startOffset": 1044,
          "endOffset": 1230,
          "count": 1
        },
        {
          "startOffset": 1099,
          "endOffset": 1229,
          "count": 0
        }
      ],
      "isBlockCoverage": true
    }
  ]
}
