{
  "scriptId": "19",
  "url": "deno:extensions/web/08_text_encoding.js",
  "functions": [
    {
      "functionName": "<instance_members_initializer>",
      "ranges": [
        {
          "startOffset": 847,
          "endOffset": 989,
          "count": 2
        }
      ],
      "isBlockCoverage": false
    },
    {
      "functionName": "TextDecoder",
      "ranges": [
        {
          "startOffset": 1091,
          "endOffset": 1654,
          "count": 2
        }
      ],
      "isBlockCoverage": true
    },
    {
      "functionName": "TextEncoder",
      "ranges": [
        {
          "startOffset": 3594,
          "endOffset": 3656,
          "count": 1
        }
      ],
      "isBlockCoverage": true
    }
  ]
}
