{
  "scriptId": "129",
  "url": "https://jspm.dev/npm:superagent@6.1.0!cjs",
  "functions": [
    {
      "functionName": "",
      "ranges": [
        {
          "startOffset": 0,
          "endOffset": 24017,
          "count": 1
        },
        {
          "startOffset": 1053,
          "endOffset": 1263,
          "count": 0
        },
        {
          "startOffset": 2706,
          "endOffset": 2764,
          "count": 0
        }
      ],
      "isBlockCoverage": true
    },
    {
      "functionName": "_typeof",
      "ranges": [
        {
          "startOffset": 507,
          "endOffset": 925,
          "count": 0
        }
      ],
      "isBlockCoverage": false
    },
    {
      "functionName": "noop",
      "ranges": [
        {
          "startOffset": 1486,
          "endOffset": 1504,
          "count": 0
        }
      ],
      "isBlockCoverage": false
    },
    {
      "functionName": "exports",
      "ranges": [
        {
          "startOffset": 1546,
          "endOffset": 1823,
          "count": 0
        }
      ],
      "isBlockCoverage": false
    },
    {
      "functionName": "request.getXHR",
      "ranges": [
        {
          "startOffset": 1939,
          "endOffset": 2512,
          "count": 0
        }
      ],
      "isBlockCoverage": false
    },
    {
      "functionName": "trim",
      "ranges": [
        {
          "startOffset": 2670,
          "endOffset": 2705,
          "count": 0
        }
      ],
      "isBlockCoverage": false
    },
    {
      "functionName": "trim",
      "ranges": [
        {
          "startOffset": 2708,
          "endOffset": 2764,
          "count": 0
        }
      ],
      "isBlockCoverage": false
    },
    {
      "functionName": "serialize",
      "ranges": [
        {
          "startOffset": 2867,
          "endOffset": 3106,
          "count": 0
        }
      ],
      "isBlockCoverage": false
    },
    {
      "functionName": "pushEncodedKeyValuePair",
      "ranges": [
        {
          "startOffset": 3263,
          "endOffset": 3826,
          "count": 0
        }
      ],
      "isBlockCoverage": false
    },
    {
      "functionName": "parseString",
      "ranges": [
        {
          "startOffset": 4025,
          "endOffset": 4424,
          "count": 0
        }
      ],
      "isBlockCoverage": false
    },
    {
      "functionName": "parseHeader",
      "ranges": [
        {
          "startOffset": 5491,
          "endOffset": 5954,
          "count": 0
        }
      ],
      "isBlockCoverage": false
    },
    {
      "functionName": "isJSON",
      "ranges": [
        {
          "startOffset": 6095,
          "endOffset": 6219,
          "count": 0
        }
      ],
      "isBlockCoverage": false
    },
    {
      "functionName": "Response",
      "ranges": [
        {
          "startOffset": 7201,
          "endOffset": 8434,
          "count": 0
        }
      ],
      "isBlockCoverage": false
    },
    {
      "functionName": "Response._parseBody",
      "ranges": [
        {
          "startOffset": 8736,
          "endOffset": 9043,
          "count": 0
        }
      ],
      "isBlockCoverage": false
    },
    {
      "functionName": "Response.toError",
      "ranges": [
        {
          "startOffset": 9175,
          "endOffset": 9456,
          "count": 0
        }
      ],
      "isBlockCoverage": false
    },
    {
      "functionName": "Request",
      "ranges": [
        {
          "startOffset": 9660,
          "endOffset": 11280,
          "count": 0
        }
      ],
      "isBlockCoverage": false
    },
    {
      "functionName": "Request.type",
      "ranges": [
        {
          "startOffset": 11931,
          "endOffset": 12022,
          "count": 0
        }
      ],
      "isBlockCoverage": false
    },
    {
      "functionName": "Request.accept",
      "ranges": [
        {
          "startOffset": 12454,
          "endOffset": 12539,
          "count": 0
        }
      ],
      "isBlockCoverage": false
    },
    {
      "functionName": "Request.auth",
      "ranges": [
        {
          "startOffset": 12872,
          "endOffset": 13444,
          "count": 0
        }
      ],
      "isBlockCoverage": false
    },
    {
      "functionName": "Request.query",
      "ranges": [
        {
          "startOffset": 13695,
          "endOffset": 13815,
          "count": 0
        }
      ],
      "isBlockCoverage": false
    },
    {
      "functionName": "Request.attach",
      "ranges": [
        {
          "startOffset": 14265,
          "endOffset": 14499,
          "count": 0
        }
      ],
      "isBlockCoverage": false
    },
    {
      "functionName": "Request._getFormData",
      "ranges": [
        {
          "startOffset": 14535,
          "endOffset": 14647,
          "count": 0
        }
      ],
      "isBlockCoverage": false
    },
    {
      "functionName": "Request.callback",
      "ranges": [
        {
          "startOffset": 14825,
          "endOffset": 15089,
          "count": 0
        }
      ],
      "isBlockCoverage": false
    },
    {
      "functionName": "Request.crossDomainError",
      "ranges": [
        {
          "startOffset": 15197,
          "endOffset": 15521,
          "count": 0
        }
      ],
      "isBlockCoverage": false
    },
    {
      "functionName": "Request.agent",
      "ranges": [
        {
          "startOffset": 15615,
          "endOffset": 15719,
          "count": 0
        }
      ],
      "isBlockCoverage": false
    },
    {
      "functionName": "Request.write",
      "ranges": [
        {
          "startOffset": 15909,
          "endOffset": 16006,
          "count": 0
        }
      ],
      "isBlockCoverage": false
    },
    {
      "functionName": "Request._isHost",
      "ranges": [
        {
          "startOffset": 16263,
          "endOffset": 16495,
          "count": 0
        }
      ],
      "isBlockCoverage": false
    },
    {
      "functionName": "Request.end",
      "ranges": [
        {
          "startOffset": 16690,
          "endOffset": 16967,
          "count": 0
        }
      ],
      "isBlockCoverage": false
    },
    {
      "functionName": "Request._setUploadTimeout",
      "ranges": [
        {
          "startOffset": 17008,
          "endOffset": 17333,
          "count": 0
        }
      ],
      "isBlockCoverage": false
    },
    {
      "functionName": "Request._end",
      "ranges": [
        {
          "startOffset": 17401,
          "endOffset": 20595,
          "count": 0
        }
      ],
      "isBlockCoverage": false
    },
    {
      "functionName": "request.agent",
      "ranges": [
        {
          "startOffset": 20614,
          "endOffset": 20651,
          "count": 0
        }
      ],
      "isBlockCoverage": false
    },
    {
      "functionName": "",
      "ranges": [
        {
          "startOffset": 20715,
          "endOffset": 20938,
          "count": 6
        }
      ],
      "isBlockCoverage": true
    },
    {
      "functionName": "Agent.<computed>",
      "ranges": [
        {
          "startOffset": 20777,
          "endOffset": 20935,
          "count": 0
        }
      ],
      "isBlockCoverage": false
    },
    {
      "functionName": "request.get",
      "ranges": [
        {
          "startOffset": 21185,
          "endOffset": 21386,
          "count": 0
        }
      ],
      "isBlockCoverage": false
    },
    {
      "functionName": "request.head",
      "ranges": [
        {
          "startOffset": 21589,
          "endOffset": 21791,
          "count": 0
        }
      ],
      "isBlockCoverage": false
    },
    {
      "functionName": "request.options",
      "ranges": [
        {
          "startOffset": 22009,
          "endOffset": 22213,
          "count": 0
        }
      ],
      "isBlockCoverage": false
    },
    {
      "functionName": "del",
      "ranges": [
        {
          "startOffset": 22399,
          "endOffset": 22605,
          "count": 0
        }
      ],
      "isBlockCoverage": false
    },
    {
      "functionName": "request.patch",
      "ranges": [
        {
          "startOffset": 22846,
          "endOffset": 23048,
          "count": 0
        }
      ],
      "isBlockCoverage": false
    },
    {
      "functionName": "request.post",
      "ranges": [
        {
          "startOffset": 23247,
          "endOffset": 23448,
          "count": 0
        }
      ],
      "isBlockCoverage": false
    },
    {
      "functionName": "request.put",
      "ranges": [
        {
          "startOffset": 23660,
          "endOffset": 23860,
          "count": 0
        }
      ],
      "isBlockCoverage": false
    }
  ]
}
