{
  "scriptId": "92",
  "url": "https://deno.land/std@0.99.0/io/bufio.ts",
  "functions": [
    {
      "functionName": "",
      "ranges": [
        {
          "startOffset": 0,
          "endOffset": 33443,
          "count": 1
        }
      ],
      "isBlockCoverage": true
    },
    {
      "functionName": "<instance_members_initializer>",
      "ranges": [
        {
          "startOffset": 397,
          "endOffset": 434,
          "count": 0
        }
      ],
      "isBlockCoverage": true
    },
    {
      "functionName": "BufferFullError",
      "ranges": [
        {
          "startOffset": 440,
          "endOffset": 530,
          "count": 0
        }
      ],
      "isBlockCoverage": false
    },
    {
      "functionName": "<instance_members_initializer>",
      "ranges": [
        {
          "startOffset": 583,
          "endOffset": 621,
          "count": 0
        }
      ],
      "isBlockCoverage": true
    },
    {
      "functionName": "PartialReadError",
      "ranges": [
        {
          "startOffset": 627,
          "endOffset": 718,
          "count": 0
        }
      ],
      "isBlockCoverage": false
    },
    {
      "functionName": "<instance_members_initializer>",
      "ranges": [
        {
          "startOffset": 750,
          "endOffset": 800,
          "count": 0
        }
      ],
      "isBlockCoverage": true
    },
    {
      "functionName": "create",
      "ranges": [
        {
          "startOffset": 813,
          "endOffset": 923,
          "count": 0
        }
      ],
      "isBlockCoverage": false
    },
    {
      "functionName": "BufReader",
      "ranges": [
        {
          "startOffset": 928,
          "endOffset": 1101,
          "count": 0
        }
      ],
      "isBlockCoverage": false
    },
    {
      "functionName": "size",
      "ranges": [
        {
          "startOffset": 1106,
          "endOffset": 1156,
          "count": 0
        }
      ],
      "isBlockCoverage": false
    },
    {
      "functionName": "buffered",
      "ranges": [
        {
          "startOffset": 1161,
          "endOffset": 1211,
          "count": 0
        }
      ],
      "isBlockCoverage": false
    },
    {
      "functionName": "_fill",
      "ranges": [
        {
          "startOffset": 1216,
          "endOffset": 1967,
          "count": 0
        }
      ],
      "isBlockCoverage": false
    },
    {
      "functionName": "reset",
      "ranges": [
        {
          "startOffset": 1972,
          "endOffset": 2022,
          "count": 0
        }
      ],
      "isBlockCoverage": false
    },
    {
      "functionName": "_reset",
      "ranges": [
        {
          "startOffset": 2027,
          "endOffset": 2122,
          "count": 0
        }
      ],
      "isBlockCoverage": false
    },
    {
      "functionName": "read",
      "ranges": [
        {
          "startOffset": 2127,
          "endOffset": 2869,
          "count": 0
        }
      ],
      "isBlockCoverage": false
    },
    {
      "functionName": "readFull",
      "ranges": [
        {
          "startOffset": 2874,
          "endOffset": 3506,
          "count": 0
        }
      ],
      "isBlockCoverage": false
    },
    {
      "functionName": "readByte",
      "ranges": [
        {
          "startOffset": 3511,
          "endOffset": 3740,
          "count": 0
        }
      ],
      "isBlockCoverage": false
    },
    {
      "functionName": "readString",
      "ranges": [
        {
          "startOffset": 3745,
          "endOffset": 4060,
          "count": 0
        }
      ],
      "isBlockCoverage": false
    },
    {
      "functionName": "readLine",
      "ranges": [
        {
          "startOffset": 4065,
          "endOffset": 5285,
          "count": 0
        }
      ],
      "isBlockCoverage": false
    },
    {
      "functionName": "readSlice",
      "ranges": [
        {
          "startOffset": 5290,
          "endOffset": 6410,
          "count": 0
        }
      ],
      "isBlockCoverage": false
    },
    {
      "functionName": "peek",
      "ranges": [
        {
          "startOffset": 6415,
          "endOffset": 7222,
          "count": 0
        }
      ],
      "isBlockCoverage": false
    },
    {
      "functionName": "<instance_members_initializer>",
      "ranges": [
        {
          "startOffset": 7253,
          "endOffset": 7297,
          "count": 0
        }
      ],
      "isBlockCoverage": true
    },
    {
      "functionName": "size",
      "ranges": [
        {
          "startOffset": 7303,
          "endOffset": 7353,
          "count": 0
        }
      ],
      "isBlockCoverage": false
    },
    {
      "functionName": "available",
      "ranges": [
        {
          "startOffset": 7358,
          "endOffset": 7436,
          "count": 0
        }
      ],
      "isBlockCoverage": false
    },
    {
      "functionName": "buffered",
      "ranges": [
        {
          "startOffset": 7441,
          "endOffset": 7496,
          "count": 0
        }
      ],
      "isBlockCoverage": false
    },
    {
      "functionName": "<instance_members_initializer>",
      "ranges": [
        {
          "startOffset": 7552,
          "endOffset": 7558,
          "count": 0
        }
      ],
      "isBlockCoverage": true
    },
    {
      "functionName": "create",
      "ranges": [
        {
          "startOffset": 7571,
          "endOffset": 7701,
          "count": 0
        }
      ],
      "isBlockCoverage": false
    },
    {
      "functionName": "BufWriter",
      "ranges": [
        {
          "startOffset": 7706,
          "endOffset": 7918,
          "count": 0
        }
      ],
      "isBlockCoverage": false
    },
    {
      "functionName": "reset",
      "ranges": [
        {
          "startOffset": 7923,
          "endOffset": 8023,
          "count": 0
        }
      ],
      "isBlockCoverage": false
    },
    {
      "functionName": "flush",
      "ranges": [
        {
          "startOffset": 8028,
          "endOffset": 8440,
          "count": 0
        }
      ],
      "isBlockCoverage": false
    },
    {
      "functionName": "write",
      "ranges": [
        {
          "startOffset": 8445,
          "endOffset": 9490,
          "count": 0
        }
      ],
      "isBlockCoverage": false
    },
    {
      "functionName": "<instance_members_initializer>",
      "ranges": [
        {
          "startOffset": 9550,
          "endOffset": 9556,
          "count": 0
        }
      ],
      "isBlockCoverage": true
    },
    {
      "functionName": "create",
      "ranges": [
        {
          "startOffset": 9569,
          "endOffset": 9731,
          "count": 0
        }
      ],
      "isBlockCoverage": false
    },
    {
      "functionName": "BufWriterSync",
      "ranges": [
        {
          "startOffset": 9736,
          "endOffset": 9948,
          "count": 0
        }
      ],
      "isBlockCoverage": false
    },
    {
      "functionName": "reset",
      "ranges": [
        {
          "startOffset": 9953,
          "endOffset": 10053,
          "count": 0
        }
      ],
      "isBlockCoverage": false
    },
    {
      "functionName": "flush",
      "ranges": [
        {
          "startOffset": 10058,
          "endOffset": 10462,
          "count": 0
        }
      ],
      "isBlockCoverage": false
    },
    {
      "functionName": "writeSync",
      "ranges": [
        {
          "startOffset": 10467,
          "endOffset": 11502,
          "count": 0
        }
      ],
      "isBlockCoverage": false
    },
    {
      "functionName": "createLPS",
      "ranges": [
        {
          "startOffset": 11505,
          "endOffset": 11961,
          "count": 0
        }
      ],
      "isBlockCoverage": false
    },
    {
      "functionName": "readDelim",
      "ranges": [
        {
          "startOffset": 11969,
          "endOffset": 13423,
          "count": 0
        }
      ],
      "isBlockCoverage": false
    },
    {
      "functionName": "readStringDelim",
      "ranges": [
        {
          "startOffset": 13431,
          "endOffset": 13723,
          "count": 0
        }
      ],
      "isBlockCoverage": false
    },
    {
      "functionName": "readLines",
      "ranges": [
        {
          "startOffset": 13731,
          "endOffset": 13968,
          "count": 0
        }
      ],
      "isBlockCoverage": false
    }
  ]
}
