{
  "scriptId": "82",
  "url": "file:///home/springnuance/testCoverage/routes/apis/helloApi.js",
  "functions": [
    {
      "functionName": "",
      "ranges": [
        {
          "startOffset": 0,
          "endOffset": 400,
          "count": 1
        }
      ],
      "isBlockCoverage": true
    },
    {
      "functionName": "getHello",
      "ranges": [
        {
          "startOffset": 82,
          "endOffset": 159,
          "count": 0
        }
      ],
      "isBlockCoverage": false
    },
    {
      "functionName": "setHello",
      "ranges": [
        {
          "startOffset": 179,
          "endOffset": 367,
          "count": 0
        }
      ],
      "isBlockCoverage": false
    }
  ]
}
