{
  "scriptId": "79",
  "url": "file:///home/springnuance/testCoverage/tests/services/helloService_test.js",
  "functions": [
    {
      "functionName": "",
      "ranges": [
        {
          "startOffset": 0,
          "endOffset": 1210,
          "count": 1
        }
      ],
      "isBlockCoverage": true
    },
    {
      "functionName": "",
      "ranges": [
        {
          "startOffset": 303,
          "endOffset": 379,
          "count": 1
        }
      ],
      "isBlockCoverage": true
    },
    {
      "functionName": "",
      "ranges": [
        {
          "startOffset": 412,
          "endOffset": 488,
          "count": 1
        }
      ],
      "isBlockCoverage": true
    },
    {
      "functionName": "",
      "ranges": [
        {
          "startOffset": 520,
          "endOffset": 592,
          "count": 1
        }
      ],
      "isBlockCoverage": true
    },
    {
      "functionName": "",
      "ranges": [
        {
          "startOffset": 624,
          "endOffset": 712,
          "count": 1
        }
      ],
      "isBlockCoverage": true
    },
    {
      "functionName": "",
      "ranges": [
        {
          "startOffset": 740,
          "endOffset": 883,
          "count": 1
        },
        {
          "startOffset": 795,
          "endOffset": 882,
          "count": 0
        }
      ],
      "isBlockCoverage": true
    },
    {
      "functionName": "",
      "ranges": [
        {
          "startOffset": 912,
          "endOffset": 1098,
          "count": 1
        },
        {
          "startOffset": 967,
          "endOffset": 1097,
          "count": 0
        }
      ],
      "isBlockCoverage": true
    },
    {
      "functionName": "",
      "ranges": [
        {
          "startOffset": 1131,
          "endOffset": 1207,
          "count": 1
        }
      ],
      "isBlockCoverage": true
    }
  ]
}
