{
  "scriptId": "8",
  "url": "deno:extensions/console/02_console.js",
  "functions": [
    {
      "functionName": "maybeColor",
      "ranges": [
        {
          "startOffset": 7741,
          "endOffset": 7836,
          "count": 72
        },
        {
          "startOffset": 7816,
          "endOffset": 7820,
          "count": 0
        }
      ],
      "isBlockCoverage": true
    },
    {
      "functionName": "",
      "ranges": [
        {
          "startOffset": 7823,
          "endOffset": 7831,
          "count": 8
        }
      ],
      "isBlockCoverage": true
    },
    {
      "functionName": "_inspectValue",
      "ranges": [
        {
          "startOffset": 16147,
          "endOffset": 17928,
          "count": 12
        },
        {
          "startOffset": 16302,
          "endOffset": 16329,
          "count": 0
        },
        {
          "startOffset": 16331,
          "endOffset": 16402,
          "count": 0
        },
        {
          "startOffset": 16791,
          "endOffset": 16847,
          "count": 5
        },
        {
          "startOffset": 16854,
          "endOffset": 16988,
          "count": 0
        },
        {
          "startOffset": 16995,
          "endOffset": 17071,
          "count": 0
        },
        {
          "startOffset": 17078,
          "endOffset": 17152,
          "count": 3
        },
        {
          "startOffset": 17159,
          "endOffset": 17241,
          "count": 0
        },
        {
          "startOffset": 17248,
          "endOffset": 17320,
          "count": 0
        },
        {
          "startOffset": 17327,
          "endOffset": 17546,
          "count": 0
        },
        {
          "startOffset": 17553,
          "endOffset": 17828,
          "count": 4
        },
        {
          "startOffset": 17612,
          "endOffset": 17654,
          "count": 0
        },
        {
          "startOffset": 17683,
          "endOffset": 17768,
          "count": 0
        },
        {
          "startOffset": 17835,
          "endOffset": 17918,
          "count": 0
        }
      ],
      "isBlockCoverage": true
    },
    {
      "functionName": "inspectValue",
      "ranges": [
        {
          "startOffset": 17932,
          "endOffset": 18196,
          "count": 12
        }
      ],
      "isBlockCoverage": true
    },
    {
      "functionName": "quoteString",
      "ranges": [
        {
          "startOffset": 18766,
          "endOffset": 19133,
          "count": 5
        },
        {
          "startOffset": 18892,
          "endOffset": 18912,
          "count": 0
        }
      ],
      "isBlockCoverage": true
    },
    {
      "functionName": "",
      "ranges": [
        {
          "startOffset": 18848,
          "endOffset": 18890,
          "count": 5
        }
      ],
      "isBlockCoverage": true
    },
    {
      "functionName": "replaceEscapeSequences",
      "ranges": [
        {
          "startOffset": 19191,
          "endOffset": 20014,
          "count": 5
        }
      ],
      "isBlockCoverage": true
    },
    {
      "functionName": "",
      "ranges": [
        {
          "startOffset": 19837,
          "endOffset": 20002,
          "count": 0
        }
      ],
      "isBlockCoverage": false
    },
    {
      "functionName": "ctxHas",
      "ranges": [
        {
          "startOffset": 20781,
          "endOffset": 20953,
          "count": 4
        }
      ],
      "isBlockCoverage": true
    },
    {
      "functionName": "inspectObject",
      "ranges": [
        {
          "startOffset": 31170,
          "endOffset": 33571,
          "count": 4
        },
        {
          "startOffset": 31273,
          "endOffset": 31318,
          "count": 0
        },
        {
          "startOffset": 31320,
          "endOffset": 31379,
          "count": 0
        },
        {
          "startOffset": 31745,
          "endOffset": 31803,
          "count": 0
        },
        {
          "startOffset": 31810,
          "endOffset": 32144,
          "count": 0
        },
        {
          "startOffset": 32218,
          "endOffset": 33567,
          "count": 0
        }
      ],
      "isBlockCoverage": true
    },
    {
      "functionName": "inspectArgs",
      "ranges": [
        {
          "startOffset": 46095,
          "endOffset": 49455,
          "count": 4
        },
        {
          "startOffset": 46190,
          "endOffset": 46197,
          "count": 0
        },
        {
          "startOffset": 46375,
          "endOffset": 46393,
          "count": 0
        },
        {
          "startOffset": 46395,
          "endOffset": 48851,
          "count": 0
        },
        {
          "startOffset": 48905,
          "endOffset": 48937,
          "count": 0
        },
        {
          "startOffset": 48976,
          "endOffset": 49012,
          "count": 0
        },
        {
          "startOffset": 49207,
          "endOffset": 49431,
          "count": 0
        }
      ],
      "isBlockCoverage": true
    },
    {
      "functionName": "inspect",
      "ranges": [
        {
          "startOffset": 57412,
          "endOffset": 57657,
          "count": 8
        }
      ],
      "isBlockCoverage": true
    }
  ]
}
