{
  "scriptId": "79",
  "url": "file:///home/springnuance/testCoverage/tests/services/helloService_test.js",
  "functions": [
    {
      "functionName": "",
      "ranges": [
        {
          "startOffset": 0,
          "endOffset": 1191,
          "count": 1
        }
      ],
      "isBlockCoverage": true
    },
    {
      "functionName": "",
      "ranges": [
        {
          "startOffset": 303,
          "endOffset": 379,
          "count": 1
        }
      ],
      "isBlockCoverage": true
    },
    {
      "functionName": "",
      "ranges": [
        {
          "startOffset": 412,
          "endOffset": 488,
          "count": 1
        }
      ],
      "isBlockCoverage": true
    },
    {
      "functionName": "",
      "ranges": [
        {
          "startOffset": 520,
          "endOffset": 592,
          "count": 1
        }
      ],
      "isBlockCoverage": true
    },
    {
      "functionName": "",
      "ranges": [
        {
          "startOffset": 624,
          "endOffset": 712,
          "count": 1
        }
      ],
      "isBlockCoverage": true
    },
    {
      "functionName": "",
      "ranges": [
        {
          "startOffset": 740,
          "endOffset": 864,
          "count": 1
        },
        {
          "startOffset": 795,
          "endOffset": 863,
          "count": 0
        }
      ],
      "isBlockCoverage": true
    },
    {
      "functionName": "",
      "ranges": [
        {
          "startOffset": 893,
          "endOffset": 1079,
          "count": 1
        },
        {
          "startOffset": 948,
          "endOffset": 1078,
          "count": 0
        }
      ],
      "isBlockCoverage": true
    },
    {
      "functionName": "",
      "ranges": [
        {
          "startOffset": 1112,
          "endOffset": 1188,
          "count": 1
        }
      ],
      "isBlockCoverage": true
    }
  ]
}
